{
  "hash": "2984a25e03a4a1a44c09bbbb60b9e54e",
  "result": {
    "engine": "knitr",
    "markdown": "---\ntitle: \"Pre-travel Post\"\nauthor: \"Oliver Eaton\"\ndate: \"2024-08-04\"\ncategories:\nimage: \"india.jpg\"\n---\n\n\n# Intro ---\n\n# Potential Excursion\n\nThe first three months with a vague framework of planning currently look like this:\n\n\n::: {.cell}\n\n:::\n\n::: {.cell}\n::: {.cell-output-display}\n\n```{=html}\n<div class=\"leaflet html-widget html-fill-item\" id=\"htmlwidget-1d91a4ed5f2612f8027b\" style=\"width:100%;height:464px;\"></div>\n<script type=\"application/json\" data-for=\"htmlwidget-1d91a4ed5f2612f8027b\">{\"x\":{\"options\":{\"crs\":{\"crsClass\":\"L.CRS.EPSG3857\",\"code\":null,\"proj4def\":null,\"projectedBounds\":null,\"options\":{}},\"zoomControl\":true,\"attributionControl\":false},\"fitBounds\":[29.4324252,77.718791,26.290342762561,33.355535423816,[]],\"calls\":[{\"method\":\"addTiles\",\"args\":[\"//{s}.tile.openstreetmap.org/{z}/{x}/{y}.png\",null,null,{\"minZoom\":0,\"maxZoom\":18,\"tileSize\":256,\"subdomains\":\"abc\",\"errorTileUrl\":\"\",\"tms\":false,\"noWrap\":false,\"zoomOffset\":0,\"zoomReverse\":false,\"opacity\":1,\"zIndex\":1,\"detectRetina\":false}]},{\"method\":\"addMarkers\",\"args\":[[28.6324252,25.490342762561],[77.218791,32.855535423816],null,null,null,{\"interactive\":true,\"draggable\":false,\"keyboard\":true,\"title\":\"\",\"alt\":\"\",\"zIndexOffset\":0,\"opacity\":1,\"riseOnHover\":false,\"riseOffset\":250},[\"Delhi\",\"Luxor\"],null,null,null,[\"1: Cairo\",\"2: Luxor\"],{\"interactive\":false,\"permanent\":false,\"direction\":\"auto\",\"opacity\":1,\"offset\":[0,0],\"textsize\":\"10px\",\"textOnly\":false,\"className\":\"\",\"sticky\":true},null]},{\"method\":\"addPolylines\",\"args\":[[[[{\"lng\":[77.218791,76.77666174362336,76.33418915271291,75.89138457663115,75.44825947876988,75.00482543298857,74.56109411997541,74.11707732353314,73.67278692679157,73.22823490834955,72.78343333834829,72.3383943744789,71.89313025792656,71.44765330925414,71.00197592422762,70.55611056958678,70.11006977876337,69.66386614755039,69.21751232972491,68.77102103262807,68.3244050127051,67.87767707100868,67.43085004866893,66.98393682233345,66.53695029958054,66.08990341430922,65.64280912210944,65.1956803956159,64.74853021984897,64.30137158754638,63.85421749448886,63.4070809348237,62.95997489638944,62.51291235604528,62.0659062750089,61.61896959420605,61.17211522963535,60.7253560677521,60.27870496087404,59.83217472261305,59.38577812333565,58.93952788565605,58.49343667996473,58.04751711999602,57.60178175843777,57.15624308258624,56.71091351004922,56.26580538450058,55.82093097148891,55.37630245430331,54.93193192989897,54.48783140488537,54.04401279157954,53.60048790412702,53.15726845469289,52.71436604972528,52.27179218629345,51.82955824850274,51.3876755039884,50.94615510049005,50.50500806250886,50.06424528804912,49.62387754544566,49.18391547027875,48.74436956237798,48.30525018291626,47.86656755159519,47.42833174392283,46.99055268858504,46.55324016491093,46.11640380043345,45.68005306854558,45.24419728625286,44.80884561202238,44.3740070437289,43.93969041669812,43.50590440184715,43.07265750392246,42.63995805983505,42.20781423709251,41.77623403232813,41.34522526992625,40.91479560074363,40.48495250092625,40.05570327082086,39.62705503398067,39.19901473626413,38.77158914502632,38.34478484840164,37.91860825467693,37.49306559175395,37.0681629066999,36.6439060653851,36.22030075220599,35.79735246989269,35.37506653939937,34.95344809987601,34.53250210872019,34.11223334170726,33.69264639319722,33.27374567641698,32.855535423816],\"lat\":[28.6324252,28.67380662844826,28.71375066566963,28.75225383126123,28.78931276267722,28.8249242163471,28.85908506875952,28.89179231751067,28.92304308231662,28.95283460598828,28.98116425536864,29.00802952223121,29.03342802413886,29.05735750526247,29.07981583715864,29.10080101950562,29.12031118079701,29.13834457899257,29.15489960212547,29.16997476886554,29.18356872903795,29.19568026409701,29.20630828755435,29.21545184536148,29.22311011624609,29.22928241200195,29.23396817773203,29.23716699204483,29.23887856720337,29.23910274922714,29.23783951794664,29.23508898701049,29.23085140384518,29.22512714956748,29.21791673884954,29.20922081973685,29.19904017341918,29.1873757139548,29.17422848794808,29.15959967418086,29.14349058319803,29.12590265684736,29.10683746777436,29.08629671887238,29.06428224268859,29.04079600078621,29.01584008306375,28.98941670703167,28.96152821704717,28.93217708350791,28.90136590200516,28.86909739243713,28.83537439808351,28.80019988464164,28.76357693922545,28.72550876932778,28.6859987017472,28.64505018147998,28.60266677057834,28.55885214697584,28.51361010328088,28.4669445455393,28.4188594919671,28.36935907165438,28.31844752324128,28.26612919356739,28.21240853629526,28.15729011050942,28.10077857929178,28.0428787082746,27.98359536417221,27.92293351329234,27.86089822002848,27.7974946453341,27.73272804518006,27.6666037689962,27.59912725809827,27.53030404410129,27.46013974732047,27.38864007516078,27.31581082049626,27.24165786004014,27.16618715270695,27.08940473796747,27.01131673419792,26.93192933702402,26.85124881766137,26.76928152125285,26.68603386520424,26.60151233751894,26.51572349513285,26.42867396225035,26.34037042868224,26.25081964818668,26.16002843681397,26.06800367125605,25.97475228720167,25.88028127769791,25.78459769151906,25.68770863154354,25.58962125313964,25.490342762561]}]]],null,null,{\"interactive\":true,\"className\":\"\",\"stroke\":true,\"color\":\"purple\",\"weight\":3,\"opacity\":1,\"fill\":false,\"fillColor\":\"purple\",\"fillOpacity\":0.2,\"smoothFactor\":1,\"noClip\":false},null,null,null,{\"interactive\":false,\"permanent\":false,\"direction\":\"auto\",\"opacity\":1,\"offset\":[0,0],\"textsize\":\"10px\",\"textOnly\":false,\"className\":\"\",\"sticky\":true},null]},{\"method\":\"addScaleBar\",\"args\":[{\"maxWidth\":100,\"metric\":true,\"imperial\":true,\"updateWhenIdle\":true,\"position\":\"bottomleft\"}]}],\"limits\":{\"lat\":[25.490342762561,29.23910274922714],\"lng\":[32.855535423816,77.218791]}},\"evals\":[],\"jsHooks\":[]}</script>\n```\n\n:::\n:::\n\n\n<br>\n",
    "supporting": [],
    "filters": [
      "rmarkdown/pagebreak.lua"
    ],
    "includes": {
      "include-in-header": [
        "<link href=\"../../site_libs/htmltools-fill-0.5.8.1/fill.css\" rel=\"stylesheet\" />\n<script src=\"../../site_libs/htmlwidgets-1.6.4/htmlwidgets.js\"></script>\n<script src=\"../../site_libs/jquery-3.6.0/jquery-3.6.0.min.js\"></script>\n<link href=\"../../site_libs/leaflet-1.3.1/leaflet.css\" rel=\"stylesheet\" />\n<script src=\"../../site_libs/leaflet-1.3.1/leaflet.js\"></script>\n<link href=\"../../site_libs/leafletfix-1.0.0/leafletfix.css\" rel=\"stylesheet\" />\n<script src=\"../../site_libs/proj4-2.6.2/proj4.min.js\"></script>\n<script src=\"../../site_libs/Proj4Leaflet-1.0.1/proj4leaflet.js\"></script>\n<link href=\"../../site_libs/rstudio_leaflet-1.3.1/rstudio_leaflet.css\" rel=\"stylesheet\" />\n<script src=\"../../site_libs/leaflet-binding-2.2.2/leaflet.js\"></script>\n"
      ]
    },
    "engineDependencies": {},
    "preserve": {},
    "postProcess": true
  }
}