{
  "hash": "dd909f5e2e25886ba95e296119f9e365",
  "result": {
    "engine": "knitr",
    "markdown": "---\ntitle: \"India - Delhi (entry)\"\nauthor: \"Oliver Eaton\"\ndate: \"2024-08-13\"\ncategories: [City]\nformat: \n  html:\n    theme: \n      - pandoc\n# image: \"./media_data/islamic/_DSC1049.JPG\"\n---\n\n\n\n::: {.cell}\n\n:::\n\n\nPlaceholder for Delhi post\n\n\n::: {.cell}\n::: {.cell-output-display}\n\n```{=html}\n<div class=\"leaflet html-widget html-fill-item\" id=\"htmlwidget-df9849ba1d8df78ae675\" style=\"width:100%;height:464px;\"></div>\n<script type=\"application/json\" data-for=\"htmlwidget-df9849ba1d8df78ae675\">{\"x\":{\"options\":{\"crs\":{\"crsClass\":\"L.CRS.EPSG3857\",\"code\":null,\"proj4def\":null,\"projectedBounds\":null,\"options\":{}},\"zoomControl\":true,\"attributionControl\":false},\"fitBounds\":[28.7324252,174.864381777,-36.948378776,77.118791,[]],\"calls\":[{\"method\":\"addTiles\",\"args\":[\"//{s}.tile.openstreetmap.org/{z}/{x}/{y}.png\",null,null,{\"minZoom\":0,\"maxZoom\":18,\"tileSize\":256,\"subdomains\":\"abc\",\"errorTileUrl\":\"\",\"tms\":false,\"noWrap\":false,\"zoomOffset\":0,\"zoomReverse\":false,\"opacity\":1,\"zIndex\":1,\"detectRetina\":false}]},{\"method\":\"addCircleMarkers\",\"args\":[[-36.848378776,1.2894365,28.6324252],[174.764381777,103.8499802,77.218791],2,null,null,{\"interactive\":true,\"className\":\"\",\"stroke\":true,\"color\":\"blue\",\"weight\":5,\"opacity\":0.5,\"fill\":true,\"fillColor\":\"blue\",\"fillOpacity\":1},null,null,null,null,null,{\"interactive\":false,\"permanent\":false,\"direction\":\"auto\",\"opacity\":1,\"offset\":[0,0],\"textsize\":\"10px\",\"textOnly\":false,\"className\":\"\",\"sticky\":true},null]},{\"method\":\"addPolylines\",\"args\":[[[[{\"lng\":[174.764381777,173.8536932071177,172.947077128375,172.0446495425195,171.1465199202617,170.252791168157,169.36355961464,168.4789150144419,167.5989405705596,166.7237129728828,165.8533024525392,164.9877728509823,164.1271817028139,163.2715803313192,162.4210139556787,161.5755218088211,160.735137264886,159.8998879752788,159.0697960123168,158.2448780194927,157.4251453674083,156.6106043144668,155.8012561714477,154.9970974691287,154.1981201281629,153.4043116304613,152.615655191379,151.8321299320466,151.0537110512391,150.2803699962165,149.512074632021,148.7487894087577,147.9904755264324,147.237091096961,146.4885913030099,145.7449285533633,145.0060526345536,144.271910858527,143.5424482061515,142.817607466404,142.0973293711085,141.3815527251205,140.6702145318827,139.9632501142993,139.2605932308995,138.5621761872813,137.8679299428441,137.1777842128364,136.4916675657609,135.8095075161899,135.1312306130588,134.4567625235155,133.7860281124101,133.1189515175217,132.4554562206212,131.795465114479,131.1389005659264,130.4856844750888,129.8357383309066,129.1889832630645,128.5453400904518,127.904729366275,127.2670714199449,126.6322863958633,126.000294289227,125.3710149789732,124.7443682579835,124.1202738606646,123.4986514880203,122.8794208303296,122.26250158754,121.6478134874852,121.0352763020331,120.424809861266,119.8163340657947,119.2097688973025,118.6050344274143,118.002050824983,117.4007383618814,116.8010174173863,116.2028084812379,115.6060321554567,115.0106091549945,114.4164603072965,113.8235065508483,113.2316689327781,112.6408686055841,112.0510268230535,111.4620649354389,110.873904383955,110.2864666946569,109.6996734717613,109.1134463904677,108.5277071893383,107.9423776622918,107.3573796502673,106.7726350326118,106.1880657182452,105.6035936366554,105.0191407287774,104.4346289378067,103.8499802,103.8499802,103.6100970535476,103.370149333853,103.1301254589472,102.8900138375211,102.6498028675086,102.4094809346693,102.1690364111715,101.9284576541758,101.68773300442,101.4468507848034,101.2057992989727,100.9645668299084,100.7231416385124,100.4815119621962,100.2396660134701,99.99759197853447,99.75527801587157,99.512712254839,99.26988279426502,99.02677770104556,98.78338500874315,98.53969271618801,98.29568878608151,98.05136114360212,97.80669767501422,97.56168622627975,97.31631460167323,97.07057056240033,96.82444182522009,96.57791606107141,96.33098089370377,96.08362389831298,95.83583260018183,95.58759447332632,95.33889693914786,95.08972736509173,94.84007306331243,94.58992128934615,94.33925924079121,94.08807405599664,93.83635281275974,93.58408252703302,93.33125015164121,93.07784257500911,92.82384661990065,92.56924904217027,92.31403652952704,92.05819570031254,91.80171310229312,91.54457521146766,91.28676843089156,91.0282790895178,90.7690934410565,90.50919766285354,90.24857785478947,89.98722003820012,89.7251101548197,89.46223406574782,89.19857755044183,88.93412630573546,88.66886594488575,88.40278199664901,88.13585990438797,87.86808502521139,87.59944262914773,87.32991789835491,87.05949592636749,86.78816171738363,86.51590018559334,86.24269615455019,85.96853435658873,85.69339943228947,85.41727592999381,85.14014830537134,84.8620009210418,84.58281804625408,84.30258385662525,84.02128243394189,83.73889776602668,83.4554137466731,83.17081417565124,82.88508275878782,82.59820310812337,82.31015874215024,82.02093308613446,81.73050947252533,81.43887114145578,81.14600124133796,80.85188282955731,80.55649887326935,80.25983225030311,79.9618657501757,79.66258207522196,79.36196384184382,79.059993581884,78.75665374412864,78.45192669594374,78.14579472505032,77.83824004144327,77.52924477945945,77.218791],\"lat\":[-36.848378776,-36.67943688242096,-36.503591482559,-36.32091788258745,-36.13149332091826,-35.93539684122263,-35.73270916593976,-35.52351257067895,-35.30789075989732,-35.08592874421156,-34.85771271967681,-34.62332994933981,-34.38286864734754,-34.13641786586594,-33.88406738503656,-33.6259076061737,-33.36202944837782,-33.0925242487168,-32.81748366610178,-32.53699958896112,-32.25116404679361,-31.9600691256607,-31.66380688765744,-31.36246929438312,-31.05614813441455,-30.74493495476936,-30.42892099633096,-30.10819713319361,-29.78285381587355,-29.45298101832083,-29.11866818865699,-28.78000420355458,-28.43707732616722,-28.0899751675125,-27.73878465120426,-27.38359198142666,-27.02448261403871,-26.66154123069527,-26.29485171586865,-25.92449713665373,-25.55055972523886,-25.17312086392524,-24.79226107257763,-24.40805999839069,-24.02059640785678,-23.62994818082257,-23.23619230652492,-22.83940488149792,-22.43966110924691,-22.03703530158742,-21.63160088155066,-21.22343038776039,-20.81259548018933,-20.39916694720679,-19.98321471383287,-19.56480785111809,-19.14401458657078,-18.72090231555832,-18.29553761361177,-17.8679862495669,-17.43831319947824,-17.00658266124584,-16.57285806989817,-16.13720211347739,-15.69967674947668,-15.26034322178211,-14.81926207807468,-14.37649318765086,-13.93209575962277,-13.4861283614617,-13.03864893785129,-12.58971482981896,-12.13938279411675,-11.68770902282449,-11.23474916315085,-10.7805583374094,-10.32519116314891,-9.868701773418831,-9.411143837152665,-8.952570579653415,-8.493034803166989,-8.032588907530695,-7.571284910885357,-7.10917447044085,-6.646308903285997,-6.182739207234863,-5.71851608170245,-5.253689948603811,-4.788310973271385,-4.322429085386222,-3.85609399991939,-3.389355238080619,-2.922262148271769,-2.454863927043228,-1.987209640051872,-1.519348243019584,-1.051328602691633,-0.5831995177946828,-0.115009739994163,0.3531920051488217,0.8213569972209157,1.2894365,1.2894365,1.570652373398014,1.851840721439952,2.132996603666812,2.414115073925528,2.695191179500479,2.976219960243426,3.257196447701661,3.538115664244172,3.818972622185614,4.099762322907866,4.380479755978991,4.661119898269373,4.941677713064835,5.222148149176514,5.502526140047331,5.782806602854776,6.062984437609892,6.343054526252175,6.623011731740238,6.90285089713799,7.182566844696193,7.462154374929096,7.741608265686047,8.020923271217818,8.300094121237438,8.579115519975369,8.857982145228823,9.136688647404972,9.415229648557913,9.69359974141917,9.971793488421509,10.24980542071592,10.52763003718155,10.80526180342837,11.08269515079245,11.35992447532361,11.63694413676522,11.91374845752612,